{"loss": -9.918419197841784e+21, "_runtime": 86, "_timestamp": 1636527067, "_step": 29, "test_loss": -6.380239740471597e+20}