{"loss": -4.119250952774323e+24, "_runtime": 70, "_timestamp": 1636527989, "_step": 22, "test_loss": -3.454568073761506e+20}