{"loss": -57100592.83626667, "_runtime": 148, "_timestamp": 1636663935, "_step": 35, "test_loss": -7354119806.379746}