{"loss": 6.6259458541870115, "_runtime": 288, "_timestamp": 1636526191, "_step": 109, "test_loss": 7.327943325042725}