{"loss": 207.71921145833332, "_runtime": 54, "_timestamp": 1636533556, "_step": 17, "test_loss": 689705.0520833334}