{"loss": -57100568.87893333, "_runtime": 89, "_timestamp": 1636664060, "_step": 6, "test_loss": -1856150941.8530352}