{"loss": 0.4316291809082031, "_runtime": 126, "_timestamp": 1636526444, "_step": 29, "test_loss": 0.4292454719543457}