{"loss": -7.671510256800234e+31, "_runtime": 35, "_timestamp": 1636528587, "_step": 5, "test_loss": -2.913382745114966e+26}