{"loss": -101.95924072672526, "_runtime": 88, "_timestamp": 1636664479, "_step": 6, "test_loss": -3310.6832528891273}