{"loss": -3.167305226031475e+23, "_runtime": 166, "_timestamp": 1636528543, "_step": 45, "test_loss": -8.9895451442017e+20}