{"loss": -1.7715102202639622e+24, "_runtime": 136, "_timestamp": 1636528232, "_step": 43, "test_loss": -3.350713025660761e+21}