{"loss": -1.1323152845118133e+21, "_runtime": 59, "_timestamp": 1636570144, "_step": 1872, "test_loss": -4.7229901413460435e+23}