{"loss": 5.594794750213623, "_runtime": 23, "_timestamp": 1636526231, "_step": 5, "test_loss": 5.218512058258057}