{"loss": -3.2083193481445313, "_runtime": 210, "_timestamp": 1636664745, "_step": 236, "test_loss": -3309.623583984375}