{"loss": -1.6634111882929812e+30, "_runtime": 219, "_timestamp": 1636529006, "_step": 56, "test_loss": -1.3622522167106228e+25}