{"loss": -2154837.29453125, "_runtime": 44, "_timestamp": 1636527275, "_step": 13, "test_loss": -437.1371765136719}