{"loss": -571005910.2890667, "_runtime": 255, "_timestamp": 1636663776, "_step": 11, "test_loss": -73541182386.22784}