{"loss": -78095.220703125, "_runtime": 29, "_timestamp": 1636527912, "_step": 7, "test_loss": -13780.7099609375}