{"loss": 5.532889270782471, "_runtime": 383, "_timestamp": 1636525817, "_step": 149, "test_loss": 4.923639297485352}