{"loss": -3.316923937712518e+22, "_runtime": 169, "_timestamp": 1636527876, "_step": 41, "test_loss": -6.008148117133596e+20}